topology,flow_pairs_id,mode,variant,base_pps,burst_pps,burst_start_ms,burst_end_ms,burst_jitter_ms,policy,seed,delivery_ratio,goodput_mbps,p95_latency_ms,delivery_burst,p95_latency_burst,goodput_burst_mbps,service_ratio_bits
NSFNET,0-4_1-4_3-12,light,static,400.0,400.0,,,0.0,sp,0,0.7621606334841629,10.78,464.12014861695013,,,,
NSFNET,0-4_1-4_3-12,light,static,400.0,400.0,,,0.0,ecmp,0,1.0,14.144,48.70195516865829,,,,
NSFNET,0-4_1-4_3-12,light,static,400.0,400.0,,,0.0,HIER_STAGE3,0,1.0,14.144,35.68605285734429,,,,
NSFNET,0-4_1-4_3-12,light,static,400.0,400.0,,,0.0,PPO_CANDIDATE,0,0.9770927601809954,13.82,123.199999999998,,,,
NSFNET,0-4_1-4_3-12,light,static,400.0,400.0,,,0.0,sp,1,0.7531663383056572,10.704,465.4451895932865,,,,
NSFNET,0-4_1-4_3-12,light,static,400.0,400.0,,,0.0,ecmp,1,1.0,14.212,50.130973578531666,,,,
NSFNET,0-4_1-4_3-12,light,static,400.0,400.0,,,0.0,HIER_STAGE3,1,1.0,14.212,36.026926704192725,,,,
NSFNET,0-4_1-4_3-12,light,static,400.0,400.0,,,0.0,PPO_CANDIDATE,1,0.9752321981424149,13.86,100.96905268439328,,,,
NSFNET,0-4_1-4_3-12,light,static,400.0,400.0,,,0.0,sp,2,0.7489666574813998,10.872,488.0669241904856,,,,
NSFNET,0-4_1-4_3-12,light,static,400.0,400.0,,,0.0,ecmp,2,1.0,14.516,50.99116589998423,,,,
NSFNET,0-4_1-4_3-12,light,static,400.0,400.0,,,0.0,HIER_STAGE3,2,1.0,14.516,35.78957959143499,,,,
NSFNET,0-4_1-4_3-12,light,static,400.0,400.0,,,0.0,PPO_CANDIDATE,2,0.9743731055387159,14.144,100.79999999999836,,,,
NSFNET,0-4_1-4_3-12,light,static,400.0,400.0,,,0.0,sp,3,0.733166388425153,10.54,471.4855860212089,,,,
NSFNET,0-4_1-4_3-12,light,static,400.0,400.0,,,0.0,ecmp,3,1.0,14.376,58.98635402496329,,,,
NSFNET,0-4_1-4_3-12,light,static,400.0,400.0,,,0.0,HIER_STAGE3,3,1.0,14.376,35.537994114693035,,,,
NSFNET,0-4_1-4_3-12,light,static,400.0,400.0,,,0.0,PPO_CANDIDATE,3,0.9732888146911519,13.992,104.15550569989982,,,,
NSFNET,0-4_1-4_3-12,light,static,400.0,400.0,,,0.0,sp,4,0.742942453854506,10.948,486.2400657810094,,,,
NSFNET,0-4_1-4_3-12,light,static,400.0,400.0,,,0.0,ecmp,4,1.0,14.736,65.82687622392292,,,,
NSFNET,0-4_1-4_3-12,light,static,400.0,400.0,,,0.0,HIER_STAGE3,4,1.0,14.736,35.743024098704645,,,,
NSFNET,0-4_1-4_3-12,light,static,400.0,400.0,,,0.0,PPO_CANDIDATE,4,0.9733984799131379,14.344,111.99999999999818,,,,
NSFNET,0-4_1-4_3-12,light,static,400.0,400.0,,,0.0,sp,5,0.747395099971839,10.616,481.8132801520802,,,,
NSFNET,0-4_1-4_3-12,light,static,400.0,400.0,,,0.0,ecmp,5,1.0,14.204,72.19861356277238,,,,
NSFNET,0-4_1-4_3-12,light,static,400.0,400.0,,,0.0,HIER_STAGE3,5,1.0,14.204,35.63541672708999,,,,
NSFNET,0-4_1-4_3-12,light,static,400.0,400.0,,,0.0,PPO_CANDIDATE,5,0.9752182483807378,13.852,90.04628714639823,,,,
NSFNET,0-4_1-4_3-12,light,static,400.0,400.0,,,0.0,sp,6,0.7568406205923837,10.732,462.8975650293685,,,,
NSFNET,0-4_1-4_3-12,light,static,400.0,400.0,,,0.0,ecmp,6,1.0,14.18,54.82720972888718,,,,
NSFNET,0-4_1-4_3-12,light,static,400.0,400.0,,,0.0,HIER_STAGE3,6,0.9997179125528914,14.176,35.45288019363495,,,,
NSFNET,0-4_1-4_3-12,light,static,400.0,400.0,,,0.0,PPO_CANDIDATE,6,0.9740479548660085,13.812,111.99999999999818,,,,
NSFNET,0-4_1-4_3-12,light,static,400.0,400.0,,,0.0,sp,7,0.7271980279375514,10.62,486.6508677141983,,,,
NSFNET,0-4_1-4_3-12,light,static,400.0,400.0,,,0.0,ecmp,7,1.0,14.604,80.85844961575197,,,,
NSFNET,0-4_1-4_3-12,light,static,400.0,400.0,,,0.0,HIER_STAGE3,7,1.0,14.604,37.20888994164295,,,,
NSFNET,0-4_1-4_3-12,light,static,400.0,400.0,,,0.0,PPO_CANDIDATE,7,0.9745275267050123,14.232,100.80000000000041,,,,
NSFNET,0-4_1-4_3-12,light,static,400.0,400.0,,,0.0,sp,8,0.745818480943241,10.88,471.58239790717784,,,,
NSFNET,0-4_1-4_3-12,light,static,400.0,400.0,,,0.0,ecmp,8,1.0,14.588,63.83020371834195,,,,
NSFNET,0-4_1-4_3-12,light,static,400.0,400.0,,,0.0,HIER_STAGE3,8,1.0,14.588,35.97578212729504,,,,
NSFNET,0-4_1-4_3-12,light,static,400.0,400.0,,,0.0,PPO_CANDIDATE,8,0.9755963805867837,14.232,100.80000000000041,,,,
NSFNET,0-4_1-4_3-12,light,static,400.0,400.0,,,0.0,sp,9,0.7329498767460969,10.704,479.51045421937954,,,,
NSFNET,0-4_1-4_3-12,light,static,400.0,400.0,,,0.0,ecmp,9,1.0,14.604,64.73847938778931,,,,
NSFNET,0-4_1-4_3-12,light,static,400.0,400.0,,,0.0,HIER_STAGE3,9,1.0,14.604,36.57360612769526,,,,
NSFNET,0-4_1-4_3-12,light,static,400.0,400.0,,,0.0,PPO_CANDIDATE,9,0.9726102437688304,14.204,100.79999999999916,,,,
NSFNET,0-4_1-4_3-12,light,burst,400.0,483.0,1700.0,2300.0,0.0,sp,0,0.7305923721936706,10.804,524.7986868743437,0.6347926267281107,538.4109692142536,11.02,0.6347926267281107
NSFNET,0-4_1-4_3-12,light,burst,400.0,483.0,1700.0,2300.0,0.0,ecmp,0,1.0,14.788,109.44372129093715,1.0,122.76167391067244,17.36,1.0
NSFNET,0-4_1-4_3-12,light,burst,400.0,483.0,1700.0,2300.0,0.0,HIER_STAGE3,0,1.0,14.788,37.21176111541335,1.0,44.79999999999927,17.36,1.0
NSFNET,0-4_1-4_3-12,light,burst,400.0,483.0,1700.0,2300.0,0.0,PPO_CANDIDATE,0,0.9794427914525291,14.484,123.199999999998,0.9873271889400922,123.28617890753269,17.14,0.9873271889400922
NSFNET,0-4_1-4_3-12,light,burst,400.0,483.0,1700.0,2300.0,0.0,sp,1,0.7299623453469607,10.856,543.9318325878684,0.6569428238039673,547.3558276905203,11.26,0.6569428238039673
NSFNET,0-4_1-4_3-12,light,burst,400.0,483.0,1700.0,2300.0,0.0,ecmp,1,1.0,14.872,100.32641721127482,1.0,107.48739625156739,17.14,1.0
NSFNET,0-4_1-4_3-12,light,burst,400.0,483.0,1700.0,2300.0,0.0,HIER_STAGE3,1,1.0,14.872,44.79999999999927,1.0,44.80000000000018,17.14,1.0
NSFNET,0-4_1-4_3-12,light,burst,400.0,483.0,1700.0,2300.0,0.0,PPO_CANDIDATE,1,0.9733727810650887,14.476,111.99999999999818,0.9754959159859977,137.93709362698354,16.72,0.9754959159859977
NSFNET,0-4_1-4_3-12,light,burst,400.0,483.0,1700.0,2300.0,0.0,sp,2,0.7215457914240339,10.904,532.57079142437,0.6558139534883721,524.3018472912648,11.28,0.6558139534883721
NSFNET,0-4_1-4_3-12,light,burst,400.0,483.0,1700.0,2300.0,0.0,ecmp,2,1.0,15.112,136.99011209414786,1.0,130.5731965108539,17.2,1.0
NSFNET,0-4_1-4_3-12,light,burst,400.0,483.0,1700.0,2300.0,0.0,HIER_STAGE3,2,1.0,15.112,36.56398019119039,1.0,36.56458619945765,17.2,1.0
NSFNET,0-4_1-4_3-12,light,burst,400.0,483.0,1700.0,2300.0,0.0,PPO_CANDIDATE,2,0.974854420328216,14.732,112.52529275212585,0.9790697674418605,124.32233429980793,16.84,0.9790697674418605
NSFNET,0-4_1-4_3-12,light,burst,400.0,483.0,1700.0,2300.0,0.0,sp,3,0.7203639282847204,10.768,572.9764075270133,0.7015098722415796,558.6476077105879,12.08,0.7015098722415796
NSFNET,0-4_1-4_3-12,light,burst,400.0,483.0,1700.0,2300.0,0.0,ecmp,3,1.0,14.948,148.29542197192058,1.0,121.18256836411274,17.22,1.0
NSFNET,0-4_1-4_3-12,light,burst,400.0,483.0,1700.0,2300.0,0.0,HIER_STAGE3,3,1.0,14.948,44.80000000000018,1.0,44.80000000000018,17.22,1.0
NSFNET,0-4_1-4_3-12,light,burst,400.0,483.0,1700.0,2300.0,0.0,PPO_CANDIDATE,3,0.9761841048969762,14.592,111.99999999999966,0.9709639953542393,149.22381867213903,16.72,0.9709639953542393
NSFNET,0-4_1-4_3-12,light,burst,400.0,483.0,1700.0,2300.0,0.0,sp,4,0.737516339869281,11.284,604.1234073441228,0.6298701298701299,605.6802336923356,11.64,0.6298701298701299
NSFNET,0-4_1-4_3-12,light,burst,400.0,483.0,1700.0,2300.0,0.0,ecmp,4,1.0,15.3,201.77791784593597,1.0,181.1905492988021,18.48,1.0
NSFNET,0-4_1-4_3-12,light,burst,400.0,483.0,1700.0,2300.0,0.0,HIER_STAGE3,4,1.0,15.3,36.13609602069746,1.0,39.41653637093026,18.48,1.0
NSFNET,0-4_1-4_3-12,light,burst,400.0,483.0,1700.0,2300.0,0.0,PPO_CANDIDATE,4,0.9756862745098039,14.928,112.79883664371698,0.9761904761904762,134.40000000000043,18.04,0.9761904761904762
NSFNET,0-4_1-4_3-12,light,burst,400.0,483.0,1700.0,2300.0,0.0,sp,5,0.7174560216508795,10.604,538.3805365747342,0.6487747957992999,539.9533806068854,11.12,0.6487747957992999
NSFNET,0-4_1-4_3-12,light,burst,400.0,483.0,1700.0,2300.0,0.0,ecmp,5,1.0,14.78,158.2614887929657,1.0,177.9739757827162,17.14,1.0
NSFNET,0-4_1-4_3-12,light,burst,400.0,483.0,1700.0,2300.0,0.0,HIER_STAGE3,5,1.0,14.78,41.116272299799654,1.0,44.79999999999927,17.14,1.0
NSFNET,0-4_1-4_3-12,light,burst,400.0,483.0,1700.0,2300.0,0.0,PPO_CANDIDATE,5,0.9769959404600812,14.44,101.07027797778922,0.9789964994165694,100.79999999999836,16.78,0.9789964994165694
NSFNET,0-4_1-4_3-12,light,burst,400.0,483.0,1700.0,2300.0,0.0,sp,6,0.7280108254397835,10.76,527.4418357740279,0.6473372781065089,536.5554894268619,10.94,0.6473372781065089
NSFNET,0-4_1-4_3-12,light,burst,400.0,483.0,1700.0,2300.0,0.0,ecmp,6,1.0,14.78,101.48110876189675,1.0,108.73569451513085,16.9,1.0
NSFNET,0-4_1-4_3-12,light,burst,400.0,483.0,1700.0,2300.0,0.0,HIER_STAGE3,6,1.0,14.78,36.8926518397636,1.0,45.57746182716146,16.9,1.0
NSFNET,0-4_1-4_3-12,light,burst,400.0,483.0,1700.0,2300.0,0.0,PPO_CANDIDATE,6,0.9737483085250338,14.392,112.63054064575314,0.9739644970414201,112.8904881050493,16.46,0.9739644970414201
NSFNET,0-4_1-4_3-12,light,burst,400.0,483.0,1700.0,2300.0,0.0,sp,7,0.7143977005487326,10.936,577.1796810717949,0.6501650165016502,584.6277966565199,11.82,0.6501650165016502
NSFNET,0-4_1-4_3-12,light,burst,400.0,483.0,1700.0,2300.0,0.0,ecmp,7,1.0,15.308,170.56633467784772,1.0,157.87634930914646,18.18,1.0
NSFNET,0-4_1-4_3-12,light,burst,400.0,483.0,1700.0,2300.0,0.0,HIER_STAGE3,7,1.0,15.308,44.80000000000018,1.0,46.999696860981416,18.18,1.0
NSFNET,0-4_1-4_3-12,light,burst,400.0,483.0,1700.0,2300.0,0.0,PPO_CANDIDATE,7,0.975176378364254,14.928,100.80000000000041,0.977997799779978,134.48274916416594,17.78,0.977997799779978
NSFNET,0-4_1-4_3-12,light,burst,400.0,483.0,1700.0,2300.0,0.0,sp,8,0.7281299109481404,11.12,551.9613272289024,0.6707466340269278,544.6717468023324,10.96,0.6707466340269278
NSFNET,0-4_1-4_3-12,light,burst,400.0,483.0,1700.0,2300.0,0.0,ecmp,8,1.0,15.272,112.70134027640219,1.0,116.90905927150546,16.34,1.0
NSFNET,0-4_1-4_3-12,light,burst,400.0,483.0,1700.0,2300.0,0.0,HIER_STAGE3,8,1.0,15.272,37.70481690537007,1.0,36.18463099032501,16.34,1.0
NSFNET,0-4_1-4_3-12,light,burst,400.0,483.0,1700.0,2300.0,0.0,PPO_CANDIDATE,8,0.9759036144578314,14.904,112.3384029193885,0.9755201958384333,145.59999999999823,15.94,0.9755201958384333
NSFNET,0-4_1-4_3-12,light,burst,400.0,483.0,1700.0,2300.0,0.0,sp,9,0.7297297297297297,11.124,589.9751066846525,0.6463276836158192,567.4983755634292,11.44,0.6463276836158192
NSFNET,0-4_1-4_3-12,light,burst,400.0,483.0,1700.0,2300.0,0.0,ecmp,9,1.0,15.244,139.3497753850213,1.0,123.88891792091007,17.7,1.0
NSFNET,0-4_1-4_3-12,light,burst,400.0,483.0,1700.0,2300.0,0.0,HIER_STAGE3,9,1.0,15.244,36.57360612769526,1.0,44.79999999999927,17.7,1.0
NSFNET,0-4_1-4_3-12,light,burst,400.0,483.0,1700.0,2300.0,0.0,PPO_CANDIDATE,9,0.9737601679349253,14.844,111.99999999999852,0.9706214689265537,134.45389896319801,17.18,0.9706214689265537
NSFNET,0-4_1-4_3-12,medium,static,420.0,420.0,,,0.0,sp,0,0.7194302606826122,10.708,492.7645806056027,,,,
NSFNET,0-4_1-4_3-12,medium,static,420.0,420.0,,,0.0,ecmp,0,1.0,14.884,62.82231703824789,,,,
NSFNET,0-4_1-4_3-12,medium,static,420.0,420.0,,,0.0,HIER_STAGE3,0,1.0,14.884,36.74876810807655,,,,
NSFNET,0-4_1-4_3-12,medium,static,420.0,420.0,,,0.0,PPO_CANDIDATE,0,0.9707067992475141,14.448,72.65618850494111,,,,
NSFNET,0-4_1-4_3-12,medium,static,420.0,420.0,,,0.0,sp,1,0.7093425605536332,10.66,486.313695371881,,,,
NSFNET,0-4_1-4_3-12,medium,static,420.0,420.0,,,0.0,ecmp,1,1.0,15.028,62.32677020932251,,,,
NSFNET,0-4_1-4_3-12,medium,static,420.0,420.0,,,0.0,HIER_STAGE3,1,1.0,15.028,44.79999999999927,,,,
NSFNET,0-4_1-4_3-12,medium,static,420.0,420.0,,,0.0,PPO_CANDIDATE,1,0.972318339100346,14.612,67.20000000000027,,,,
NSFNET,0-4_1-4_3-12,medium,static,420.0,420.0,,,0.0,sp,2,0.7203145478374836,10.992,558.3812944852517,,,,
NSFNET,0-4_1-4_3-12,medium,static,420.0,420.0,,,0.0,ecmp,2,1.0,15.26,92.82895580377412,,,,
NSFNET,0-4_1-4_3-12,medium,static,420.0,420.0,,,0.0,HIER_STAGE3,2,1.0,15.26,35.97609339074049,,,,
NSFNET,0-4_1-4_3-12,medium,static,420.0,420.0,,,0.0,PPO_CANDIDATE,2,0.9719528178243775,14.832,67.20000000000027,,,,
NSFNET,0-4_1-4_3-12,medium,static,420.0,420.0,,,0.0,sp,3,0.7132997079904433,10.748,536.9596931107022,,,,
NSFNET,0-4_1-4_3-12,medium,static,420.0,420.0,,,0.0,ecmp,3,1.0,15.068,93.95326180777872,,,,
NSFNET,0-4_1-4_3-12,medium,static,420.0,420.0,,,0.0,HIER_STAGE3,3,1.0,15.068,44.69372164081592,,,,
NSFNET,0-4_1-4_3-12,medium,static,420.0,420.0,,,0.0,PPO_CANDIDATE,3,0.9713299707990444,14.636,78.45435549779816,,,,
NSFNET,0-4_1-4_3-12,medium,static,420.0,420.0,,,0.0,sp,4,0.7200311364815776,11.1,549.6263839798843,,,,
NSFNET,0-4_1-4_3-12,medium,static,420.0,420.0,,,0.0,ecmp,4,1.0,15.416,137.02858911775223,,,,
NSFNET,0-4_1-4_3-12,medium,static,420.0,420.0,,,0.0,HIER_STAGE3,4,1.0,15.416,35.95242178109172,,,,
NSFNET,0-4_1-4_3-12,medium,static,420.0,420.0,,,0.0,PPO_CANDIDATE,4,0.9693824597820446,14.944,67.20000000000027,,,,
NSFNET,0-4_1-4_3-12,medium,static,420.0,420.0,,,0.0,sp,5,0.7045088566827697,10.5,529.0766189338041,,,,
NSFNET,0-4_1-4_3-12,medium,static,420.0,420.0,,,0.0,ecmp,5,1.0,14.904,158.4306590247137,,,,
NSFNET,0-4_1-4_3-12,medium,static,420.0,420.0,,,0.0,HIER_STAGE3,5,1.0,14.904,37.10253529368546,,,,
NSFNET,0-4_1-4_3-12,medium,static,420.0,420.0,,,0.0,PPO_CANDIDATE,5,0.9720880300590445,14.488,67.2820818368321,,,,
NSFNET,0-4_1-4_3-12,medium,static,420.0,420.0,,,0.0,sp,6,0.7189174705251876,10.732,508.06250120380247,,,,
NSFNET,0-4_1-4_3-12,medium,static,420.0,420.0,,,0.0,ecmp,6,1.0,14.928,85.47153684779897,,,,
NSFNET,0-4_1-4_3-12,medium,static,420.0,420.0,,,0.0,HIER_STAGE3,6,1.0,14.928,38.55317745102696,,,,
NSFNET,0-4_1-4_3-12,medium,static,420.0,420.0,,,0.0,PPO_CANDIDATE,6,0.9705251875669882,14.488,78.39999999999873,,,,
NSFNET,0-4_1-4_3-12,medium,static,420.0,420.0,,,0.0,sp,7,0.7021497021497022,10.844,549.522116683893,,,,
NSFNET,0-4_1-4_3-12,medium,static,420.0,420.0,,,0.0,ecmp,7,1.0,15.444,169.43069916936383,,,,
NSFNET,0-4_1-4_3-12,medium,static,420.0,420.0,,,0.0,HIER_STAGE3,7,1.0,15.444,38.41185509612342,,,,
NSFNET,0-4_1-4_3-12,medium,static,420.0,420.0,,,0.0,PPO_CANDIDATE,7,0.9712509712509713,15.0,68.0944173678539,,,,
NSFNET,0-4_1-4_3-12,medium,static,420.0,420.0,,,0.0,sp,8,0.706111833550065,10.86,501.71152198423675,,,,
NSFNET,0-4_1-4_3-12,medium,static,420.0,420.0,,,0.0,ecmp,8,1.0,15.38,132.30695617645569,,,,
NSFNET,0-4_1-4_3-12,medium,static,420.0,420.0,,,0.0,HIER_STAGE3,8,1.0,15.38,44.79999999999927,,,,
NSFNET,0-4_1-4_3-12,medium,static,420.0,420.0,,,0.0,PPO_CANDIDATE,8,0.9719115734720416,14.948,78.40146566536195,,,,
NSFNET,0-4_1-4_3-12,medium,static,420.0,420.0,,,0.0,sp,9,0.7178217821782178,11.02,572.7958136020217,,,,
NSFNET,0-4_1-4_3-12,medium,static,420.0,420.0,,,0.0,ecmp,9,1.0,15.352,145.89956086243032,,,,
NSFNET,0-4_1-4_3-12,medium,static,420.0,420.0,,,0.0,HIER_STAGE3,9,1.0,15.352,38.46167249829074,,,,
NSFNET,0-4_1-4_3-12,medium,static,420.0,420.0,,,0.0,PPO_CANDIDATE,9,0.97107868681605,14.908,78.39999999999873,,,,
NSFNET,0-4_1-4_3-12,medium,burst,420.0,507.0,1700.0,2300.0,0.0,sp,0,0.7172236503856041,11.16,607.4175560140793,0.6322722283205269,577.1541796428194,11.52,0.6322722283205269
NSFNET,0-4_1-4_3-12,medium,burst,420.0,507.0,1700.0,2300.0,0.0,ecmp,0,1.0,15.56,180.79431856819414,1.0,164.5558387671797,18.22,1.0
NSFNET,0-4_1-4_3-12,medium,burst,420.0,507.0,1700.0,2300.0,0.0,HIER_STAGE3,0,1.0,15.56,45.095485239534455,1.0,56.020810436232864,18.22,1.0
NSFNET,0-4_1-4_3-12,medium,burst,420.0,507.0,1700.0,2300.0,0.0,PPO_CANDIDATE,0,0.9691516709511568,15.08,78.78612413586416,0.960482985729967,104.91770842917812,17.5,0.960482985729967
NSFNET,0-4_1-4_3-12,medium,burst,420.0,507.0,1700.0,2300.0,0.0,sp,1,0.7110091743119266,11.16,622.1055384935171,0.6475225225225225,600.1028971114773,11.5,0.6475225225225225
NSFNET,0-4_1-4_3-12,medium,burst,420.0,507.0,1700.0,2300.0,0.0,ecmp,1,1.0,15.696,181.56086413454776,1.0,146.45554052773423,17.76,1.0
NSFNET,0-4_1-4_3-12,medium,burst,420.0,507.0,1700.0,2300.0,0.0,HIER_STAGE3,1,0.9997451580020388,15.692,44.80000000000018,0.9988738738738738,67.20000000000027,17.74,0.9988738738738738
NSFNET,0-4_1-4_3-12,medium,burst,420.0,507.0,1700.0,2300.0,0.0,PPO_CANDIDATE,1,0.9696738022426096,15.22,78.39999999999873,0.9662162162162162,100.79999999999856,17.16,0.9662162162162162
NSFNET,0-4_1-4_3-12,medium,burst,420.0,507.0,1700.0,2300.0,0.0,sp,2,0.7014812955059001,11.176,605.0245942213437,0.6053215077605322,565.1544067547684,10.92,0.6053215077605322
NSFNET,0-4_1-4_3-12,medium,burst,420.0,507.0,1700.0,2300.0,0.0,ecmp,2,1.0,15.932,205.72176715241244,1.0,179.246161610651,18.04,1.0
NSFNET,0-4_1-4_3-12,medium,burst,420.0,507.0,1700.0,2300.0,0.0,HIER_STAGE3,2,1.0,15.932,46.426779937225135,1.0,67.20000000000027,18.04,1.0
NSFNET,0-4_1-4_3-12,medium,burst,420.0,507.0,1700.0,2300.0,0.0,PPO_CANDIDATE,2,0.9713783580215918,15.476,78.39999999999873,0.9733924611973392,79.00869468370652,17.56,0.9733924611973392
NSFNET,0-4_1-4_3-12,medium,burst,420.0,507.0,1700.0,2300.0,0.0,sp,3,0.6942106605457792,10.888,612.1474648147187,0.6320441988950276,574.1238056917325,11.44,0.6320441988950276
NSFNET,0-4_1-4_3-12,medium,burst,420.0,507.0,1700.0,2300.0,0.0,ecmp,3,1.0,15.684,242.12022651227517,1.0,175.54630206077726,18.1,1.0
NSFNET,0-4_1-4_3-12,medium,burst,420.0,507.0,1700.0,2300.0,0.0,HIER_STAGE3,3,1.0,15.684,44.80000000000041,1.0,45.773345587713536,18.1,1.0
NSFNET,0-4_1-4_3-12,medium,burst,420.0,507.0,1700.0,2300.0,0.0,PPO_CANDIDATE,3,0.9711808212190768,15.232,78.40000000000032,0.969060773480663,100.79999999999836,17.54,0.969060773480663
NSFNET,0-4_1-4_3-12,medium,burst,420.0,507.0,1700.0,2300.0,0.0,sp,4,0.7234678624813154,11.616,699.465191936925,0.6150670794633643,666.9053352954245,11.92,0.6150670794633643
NSFNET,0-4_1-4_3-12,medium,burst,420.0,507.0,1700.0,2300.0,0.0,ecmp,4,1.0,16.056,276.2241356085002,1.0,243.46588373283467,19.38,1.0
NSFNET,0-4_1-4_3-12,medium,burst,420.0,507.0,1700.0,2300.0,0.0,HIER_STAGE3,4,1.0,16.056,46.792459708814995,1.0,71.19398325496753,19.38,1.0
NSFNET,0-4_1-4_3-12,medium,burst,420.0,507.0,1700.0,2300.0,0.0,PPO_CANDIDATE,4,0.9711011459890384,15.592,78.40000000000032,0.9731682146542827,90.11032637305574,18.86,0.9731682146542827
NSFNET,0-4_1-4_3-12,medium,burst,420.0,507.0,1700.0,2300.0,0.0,sp,5,0.7018761243896171,10.924,624.6633853460712,0.6208853575482406,631.4467223119382,10.94,0.6208853575482406
NSFNET,0-4_1-4_3-12,medium,burst,420.0,507.0,1700.0,2300.0,0.0,ecmp,5,1.0,15.564,248.20967007359104,1.0,256.90852026349285,17.62,1.0
NSFNET,0-4_1-4_3-12,medium,burst,420.0,507.0,1700.0,2300.0,0.0,HIER_STAGE3,5,1.0,15.564,48.35210210322407,1.0,58.747434710344805,17.62,1.0
NSFNET,0-4_1-4_3-12,medium,burst,420.0,507.0,1700.0,2300.0,0.0,PPO_CANDIDATE,5,0.9704446157800052,15.104,78.39999999999912,0.9727582292849035,111.99999999999818,17.14,0.9727582292849035
NSFNET,0-4_1-4_3-12,medium,burst,420.0,507.0,1700.0,2300.0,0.0,sp,6,0.716313887454827,11.1,605.0755088039966,0.6681922196796338,599.232742609329,11.68,0.6681922196796338
NSFNET,0-4_1-4_3-12,medium,burst,420.0,507.0,1700.0,2300.0,0.0,ecmp,6,1.0,15.496,172.98077063870755,1.0,166.4884988574778,17.48,1.0
NSFNET,0-4_1-4_3-12,medium,burst,420.0,507.0,1700.0,2300.0,0.0,HIER_STAGE3,6,1.0,15.496,44.80000000000018,1.0,44.84010971140299,17.48,1.0
NSFNET,0-4_1-4_3-12,medium,burst,420.0,507.0,1700.0,2300.0,0.0,PPO_CANDIDATE,6,0.9721218378936499,15.064,78.4000000000004,0.9736842105263158,117.73991783296344,17.02,0.9736842105263158
NSFNET,0-4_1-4_3-12,medium,burst,420.0,507.0,1700.0,2300.0,0.0,sp,7,0.7029802153769096,11.228,675.5921908480484,0.6570545829042225,641.1181381688738,12.76,0.6570545829042225
NSFNET,0-4_1-4_3-12,medium,burst,420.0,507.0,1700.0,2300.0,0.0,ecmp,7,1.0,15.972,293.57507871346206,1.0,248.84879967226993,19.42,1.0
NSFNET,0-4_1-4_3-12,medium,burst,420.0,507.0,1700.0,2300.0,0.0,HIER_STAGE3,7,1.0,15.972,49.26195974083865,1.0,57.24606376558427,19.42,1.0
NSFNET,0-4_1-4_3-12,medium,burst,420.0,507.0,1700.0,2300.0,0.0,PPO_CANDIDATE,7,0.9704482844978712,15.5,78.52692805109764,0.9701338825952626,122.6464363215745,18.84,0.9701338825952626
NSFNET,0-4_1-4_3-12,medium,burst,420.0,507.0,1700.0,2300.0,0.0,sp,8,0.7108554277138569,11.368,653.047565757072,0.6578034682080924,611.970223100368,11.38,0.6578034682080924
NSFNET,0-4_1-4_3-12,medium,burst,420.0,507.0,1700.0,2300.0,0.0,ecmp,8,1.0,15.992,240.51746234154908,1.0,179.60076449900163,17.3,1.0
NSFNET,0-4_1-4_3-12,medium,burst,420.0,507.0,1700.0,2300.0,0.0,HIER_STAGE3,8,1.0,15.992,44.79999999999927,1.0,37.2658998611213,17.3,1.0
NSFNET,0-4_1-4_3-12,medium,burst,420.0,507.0,1700.0,2300.0,0.0,PPO_CANDIDATE,8,0.9714857428714357,15.536,89.59999999999854,0.9780346820809248,101.02205648498875,16.92,0.9780346820809248
NSFNET,0-4_1-4_3-12,medium,burst,420.0,507.0,1700.0,2300.0,0.0,sp,9,0.7031015507753877,11.244,665.3514114218958,0.6435432230522946,607.3142416671135,12.06,0.6435432230522946
NSFNET,0-4_1-4_3-12,medium,burst,420.0,507.0,1700.0,2300.0,0.0,ecmp,9,1.0,15.992,239.42335302504944,1.0,209.04304166270285,18.74,1.0
NSFNET,0-4_1-4_3-12,medium,burst,420.0,507.0,1700.0,2300.0,0.0,HIER_STAGE3,9,1.0,15.992,44.80000000000018,1.0,56.244936198908135,18.74,1.0
NSFNET,0-4_1-4_3-12,medium,burst,420.0,507.0,1700.0,2300.0,0.0,PPO_CANDIDATE,9,0.9722361180590295,15.548,78.84607399988616,0.9669156883671292,90.46212185185533,18.12,0.9669156883671292
NSFNET,0-4_1-4_3-12,heavy,static,480.0,480.0,,,0.0,sp,0,0.6804775280898876,11.628,865.618052166071,,,,
NSFNET,0-4_1-4_3-12,heavy,static,480.0,480.0,,,0.0,ecmp,0,0.9920411985018727,16.952,438.72628084596647,,,,
NSFNET,0-4_1-4_3-12,heavy,static,480.0,480.0,,,0.0,HIER_STAGE3,0,1.0,17.088,56.00000000000034,,,,
NSFNET,0-4_1-4_3-12,heavy,static,480.0,480.0,,,0.0,PPO_CANDIDATE,0,0.9683988764044944,16.548,103.94205348990562,,,,
NSFNET,0-4_1-4_3-12,heavy,static,480.0,480.0,,,0.0,sp,1,0.6763262444496377,11.576,857.3033394790365,,,,
NSFNET,0-4_1-4_3-12,heavy,static,480.0,480.0,,,0.0,ecmp,1,0.9829399392381397,16.824,443.1949683384562,,,,
NSFNET,0-4_1-4_3-12,heavy,static,480.0,480.0,,,0.0,HIER_STAGE3,1,1.0,17.116,56.00000000000023,,,,
NSFNET,0-4_1-4_3-12,heavy,static,480.0,480.0,,,0.0,PPO_CANDIDATE,1,0.9700864688011217,16.604,100.80000000000041,,,,
NSFNET,0-4_1-4_3-12,heavy,static,480.0,480.0,,,0.0,sp,2,0.6704387990762125,11.612,867.1771569175346,,,,
NSFNET,0-4_1-4_3-12,heavy,static,480.0,480.0,,,0.0,ecmp,2,0.9771362586605081,16.924,446.01175879987545,,,,
NSFNET,0-4_1-4_3-12,heavy,static,480.0,480.0,,,0.0,HIER_STAGE3,2,0.9995381062355658,17.312,60.08685611445586,,,,
NSFNET,0-4_1-4_3-12,heavy,static,480.0,480.0,,,0.0,PPO_CANDIDATE,2,0.9685912240184757,16.776,90.68307722792598,,,,
NSFNET,0-4_1-4_3-12,heavy,static,480.0,480.0,,,0.0,sp,3,0.6609660272706263,11.44,867.624167084407,,,,
NSFNET,0-4_1-4_3-12,heavy,static,480.0,480.0,,,0.0,ecmp,3,0.9812803327940837,16.984,447.35004635086614,,,,
NSFNET,0-4_1-4_3-12,heavy,static,480.0,480.0,,,0.0,HIER_STAGE3,3,1.0,17.308,63.575697254531946,,,,
NSFNET,0-4_1-4_3-12,heavy,static,480.0,480.0,,,0.0,PPO_CANDIDATE,3,0.9688005546568061,16.768,112.00000000000045,,,,
NSFNET,0-4_1-4_3-12,heavy,static,480.0,480.0,,,0.0,sp,4,0.6759789329058851,11.808,866.2262510831686,,,,
NSFNET,0-4_1-4_3-12,heavy,static,480.0,480.0,,,0.0,ecmp,4,0.9789329058850469,17.1,447.8557297728848,,,,
NSFNET,0-4_1-4_3-12,heavy,static,480.0,480.0,,,0.0,HIER_STAGE3,4,1.0,17.468,61.31393053078014,,,,
NSFNET,0-4_1-4_3-12,heavy,static,480.0,480.0,,,0.0,PPO_CANDIDATE,4,0.9716052209754981,16.972,100.80000000000021,,,,
NSFNET,0-4_1-4_3-12,heavy,static,480.0,480.0,,,0.0,sp,5,0.6704891177158905,11.46,861.6277288696191,,,,
NSFNET,0-4_1-4_3-12,heavy,static,480.0,480.0,,,0.0,ecmp,5,0.9702784928621577,16.584,448.9708546643275,,,,
NSFNET,0-4_1-4_3-12,heavy,static,480.0,480.0,,,0.0,HIER_STAGE3,5,1.0,17.092,59.215765665016406,,,,
NSFNET,0-4_1-4_3-12,heavy,static,480.0,480.0,,,0.0,PPO_CANDIDATE,5,0.9693423824011234,16.568,112.00000000000034,,,,
NSFNET,0-4_1-4_3-12,heavy,static,480.0,480.0,,,0.0,sp,6,0.6845336481700118,11.596,863.462822024591,,,,
NSFNET,0-4_1-4_3-12,heavy,static,480.0,480.0,,,0.0,ecmp,6,0.9799291617473436,16.6,445.58087238779274,,,,
NSFNET,0-4_1-4_3-12,heavy,static,480.0,480.0,,,0.0,HIER_STAGE3,6,1.0,16.94,57.210553737890365,,,,
NSFNET,0-4_1-4_3-12,heavy,static,480.0,480.0,,,0.0,PPO_CANDIDATE,6,0.9709563164108619,16.448,90.41239493329856,,,,
NSFNET,0-4_1-4_3-12,heavy,static,480.0,480.0,,,0.0,sp,7,0.6597558166321125,11.456,867.1418803038331,,,,
NSFNET,0-4_1-4_3-12,heavy,static,480.0,480.0,,,0.0,ecmp,7,0.962681409813407,16.716,449.25399393493393,,,,
NSFNET,0-4_1-4_3-12,heavy,static,480.0,480.0,,,0.0,HIER_STAGE3,7,1.0,17.364,64.19620642999575,,,,
NSFNET,0-4_1-4_3-12,heavy,static,480.0,480.0,,,0.0,PPO_CANDIDATE,7,0.967979728173232,16.808,100.97573267863615,,,,
NSFNET,0-4_1-4_3-12,heavy,static,480.0,480.0,,,0.0,sp,8,0.6707706338349293,11.768,865.382395590019,,,,
NSFNET,0-4_1-4_3-12,heavy,static,480.0,480.0,,,0.0,ecmp,8,0.9621523027815777,16.88,448.90208707286484,,,,
NSFNET,0-4_1-4_3-12,heavy,static,480.0,480.0,,,0.0,HIER_STAGE3,8,0.9997720018239854,17.54,59.431087965515964,,,,
NSFNET,0-4_1-4_3-12,heavy,static,480.0,480.0,,,0.0,PPO_CANDIDATE,8,0.9694482444140446,17.008,100.80000000000041,,,,
NSFNET,0-4_1-4_3-12,heavy,static,480.0,480.0,,,0.0,sp,9,0.6629783310281235,11.504,868.8429910193005,,,,
NSFNET,0-4_1-4_3-12,heavy,static,480.0,480.0,,,0.0,ecmp,9,0.971184877823882,16.852,448.440558845096,,,,
NSFNET,0-4_1-4_3-12,heavy,static,480.0,480.0,,,0.0,HIER_STAGE3,9,1.0,17.352,56.900001243104455,,,,
NSFNET,0-4_1-4_3-12,heavy,static,480.0,480.0,,,0.0,PPO_CANDIDATE,9,0.9684186260949746,16.804,101.48129752235764,,,,
NSFNET,0-4_1-4_3-12,heavy,burst,480.0,580.0,1700.0,2300.0,0.0,sp,0,0.6559601900022619,11.6,867.6163167771023,0.5873015873015873,867.5348971273293,11.84,0.5873015873015873
NSFNET,0-4_1-4_3-12,heavy,burst,480.0,580.0,1700.0,2300.0,0.0,ecmp,0,0.9687853426826509,17.132,448.37804788725754,1.0,399.9396157819326,20.16,1.0
NSFNET,0-4_1-4_3-12,heavy,burst,480.0,580.0,1700.0,2300.0,0.0,HIER_STAGE3,0,1.0,17.684,67.72095824894177,1.0,76.00376115841665,20.16,1.0
NSFNET,0-4_1-4_3-12,heavy,burst,480.0,580.0,1700.0,2300.0,0.0,PPO_CANDIDATE,0,0.9701425016964488,17.156,113.07687385407382,0.9682539682539683,179.40912360559776,19.52,0.9682539682539683
NSFNET,0-4_1-4_3-12,heavy,burst,480.0,580.0,1700.0,2300.0,0.0,sp,1,0.6481522956326987,11.576,867.8525382082436,0.6366251198465963,864.8994473553188,13.28,0.6366251198465963
NSFNET,0-4_1-4_3-12,heavy,burst,480.0,580.0,1700.0,2300.0,0.0,ecmp,1,0.9610302351623741,17.164,448.95282511787445,0.9578139980824545,444.46245534761,19.98,0.9578139980824545
NSFNET,0-4_1-4_3-12,heavy,burst,480.0,580.0,1700.0,2300.0,0.0,HIER_STAGE3,1,0.9993281075027995,17.848,57.850017369975866,0.99712368168744,69.75754564230445,20.8,0.99712368168744
NSFNET,0-4_1-4_3-12,heavy,burst,480.0,580.0,1700.0,2300.0,0.0,PPO_CANDIDATE,1,0.9702127659574468,17.328,101.70106947094443,0.965484180249281,134.76917746225814,20.14,0.965484180249281
NSFNET,0-4_1-4_3-12,heavy,burst,480.0,580.0,1700.0,2300.0,0.0,sp,2,0.6410765497463049,11.624,868.29735886188,0.5687732342007435,868.4481426846584,12.24,0.5687732342007435
NSFNET,0-4_1-4_3-12,heavy,burst,480.0,580.0,1700.0,2300.0,0.0,ecmp,2,0.9457313037723362,17.148,449.93950054669057,0.9302973977695167,450.15542849916574,20.02,0.9302973977695167
NSFNET,0-4_1-4_3-12,heavy,burst,480.0,580.0,1700.0,2300.0,0.0,HIER_STAGE3,2,0.9980145598941098,18.096,68.64748334189598,0.991635687732342,81.0034243210927,21.34,0.991635687732342
NSFNET,0-4_1-4_3-12,heavy,burst,480.0,580.0,1700.0,2300.0,0.0,PPO_CANDIDATE,2,0.9686741672181778,17.564,107.8898504214635,0.9702602230483272,145.8528502811605,20.88,0.9702602230483272
NSFNET,0-4_1-4_3-12,heavy,burst,480.0,580.0,1700.0,2300.0,0.0,sp,3,0.6342058562555457,11.436,868.468762245106,0.5696798493408662,868.6924344102183,12.1,0.5696798493408662
NSFNET,0-4_1-4_3-12,heavy,burst,480.0,580.0,1700.0,2300.0,0.0,ecmp,3,0.9460958296362023,17.06,450.0980558446211,0.9209039548022598,450.50336271954296,19.56,0.9209039548022598
NSFNET,0-4_1-4_3-12,heavy,burst,480.0,580.0,1700.0,2300.0,0.0,HIER_STAGE3,3,1.0,18.032,58.50387701329578,1.0,68.36338448301733,21.24,1.0
NSFNET,0-4_1-4_3-12,heavy,burst,480.0,580.0,1700.0,2300.0,0.0,PPO_CANDIDATE,3,0.9691659272404614,17.476,123.199999999998,0.9717514124293786,134.76582904331758,20.64,0.9717514124293786
NSFNET,0-4_1-4_3-12,heavy,burst,480.0,580.0,1700.0,2300.0,0.0,sp,4,0.6482622085349758,11.788,867.1785038574178,0.539355992844365,868.4379044038127,12.06,0.539355992844365
NSFNET,0-4_1-4_3-12,heavy,burst,480.0,580.0,1700.0,2300.0,0.0,ecmp,4,0.9502859656841179,17.28,449.7599593284473,0.9194991055456172,450.2370070855508,20.56,0.9194991055456172
NSFNET,0-4_1-4_3-12,heavy,burst,480.0,580.0,1700.0,2300.0,0.0,HIER_STAGE3,4,1.0,18.184,67.90421909846941,1.0,78.72458019490121,22.36,1.0
NSFNET,0-4_1-4_3-12,heavy,burst,480.0,580.0,1700.0,2300.0,0.0,PPO_CANDIDATE,4,0.9720633523977122,17.676,123.199999999998,0.9704830053667263,157.35557407483935,21.7,0.9704830053667263
NSFNET,0-4_1-4_3-12,heavy,burst,480.0,580.0,1700.0,2300.0,0.0,sp,5,0.6466232892079874,11.528,867.6786810817292,0.5789473684210527,867.8809580734461,11.88,0.5789473684210527
NSFNET,0-4_1-4_3-12,heavy,burst,480.0,580.0,1700.0,2300.0,0.0,ecmp,5,0.9524343728965672,16.98,449.43386638937915,0.8966861598440545,450.8403886604379,18.4,0.8966861598440545
NSFNET,0-4_1-4_3-12,heavy,burst,480.0,580.0,1700.0,2300.0,0.0,HIER_STAGE3,5,0.9997756338344178,17.824,67.43319705930662,0.9990253411306043,80.00216889033376,20.5,0.9990253411306043
NSFNET,0-4_1-4_3-12,heavy,burst,480.0,580.0,1700.0,2300.0,0.0,PPO_CANDIDATE,5,0.9685887368184878,17.268,101.3732159223005,0.969785575048733,135.17305547886303,19.9,0.969785575048733
NSFNET,0-4_1-4_3-12,heavy,burst,480.0,580.0,1700.0,2300.0,0.0,sp,6,0.6598453842655753,11.608,866.5755108161305,0.5772357723577236,865.6265699821068,11.36,0.5772357723577236
NSFNET,0-4_1-4_3-12,heavy,burst,480.0,580.0,1700.0,2300.0,0.0,ecmp,6,0.9713506139154161,17.088,449.0976784200051,0.9939024390243902,443.78358278955255,19.56,0.9939024390243902
NSFNET,0-4_1-4_3-12,heavy,burst,480.0,580.0,1700.0,2300.0,0.0,HIER_STAGE3,6,1.0,17.592,63.7333719210865,1.0,70.39798564476557,19.68,1.0
NSFNET,0-4_1-4_3-12,heavy,burst,480.0,580.0,1700.0,2300.0,0.0,PPO_CANDIDATE,6,0.970668485675307,17.076,119.58142871744225,0.9654471544715447,124.61932808051405,19.0,0.9654471544715447
NSFNET,0-4_1-4_3-12,heavy,burst,480.0,580.0,1700.0,2300.0,0.0,sp,7,0.63488218454085,11.532,868.0881387396006,0.5537583254043768,869.8274822254398,11.64,0.5537583254043768
NSFNET,0-4_1-4_3-12,heavy,burst,480.0,580.0,1700.0,2300.0,0.0,ecmp,7,0.9405417308962783,17.084,450.0897154225927,0.8658420551855376,450.6896546997548,18.2,0.8658420551855376
NSFNET,0-4_1-4_3-12,heavy,burst,480.0,580.0,1700.0,2300.0,0.0,HIER_STAGE3,7,0.9995595683770094,18.156,69.71648218250832,0.9980970504281637,89.45103173048534,20.98,0.9980970504281637
NSFNET,0-4_1-4_3-12,heavy,burst,480.0,580.0,1700.0,2300.0,0.0,PPO_CANDIDATE,7,0.9720325919401013,17.656,134.94549701106467,0.9762131303520457,168.51267920568756,20.52,0.9762131303520457
NSFNET,0-4_1-4_3-12,heavy,burst,480.0,580.0,1700.0,2300.0,0.0,sp,8,0.6434515987735436,11.752,868.9950541580345,0.6474747474747474,855.5686894404025,12.82,0.6474747474747474
NSFNET,0-4_1-4_3-12,heavy,burst,480.0,580.0,1700.0,2300.0,0.0,ecmp,8,0.9378011388523873,17.128,450.07740256370283,0.9212121212121213,450.5178699868887,18.24,0.9212121212121213
NSFNET,0-4_1-4_3-12,heavy,burst,480.0,580.0,1700.0,2300.0,0.0,HIER_STAGE3,8,0.9997809899255365,18.26,70.9524144259778,1.0,82.47353553385972,19.8,1.0
NSFNET,0-4_1-4_3-12,heavy,burst,480.0,580.0,1700.0,2300.0,0.0,PPO_CANDIDATE,8,0.9682435392028034,17.684,112.00000000000045,0.9686868686868687,114.6862960043472,19.18,0.9686868686868687
NSFNET,0-4_1-4_3-12,heavy,burst,480.0,580.0,1700.0,2300.0,0.0,sp,9,0.6350815337152931,11.528,869.4376313134069,0.5645756457564576,871.4561216456864,12.24,0.5645756457564576
NSFNET,0-4_1-4_3-12,heavy,burst,480.0,580.0,1700.0,2300.0,0.0,ecmp,9,0.9409431467606876,17.08,450.2305071666242,0.9068265682656826,450.8244513830274,19.66,0.9068265682656826
NSFNET,0-4_1-4_3-12,heavy,burst,480.0,580.0,1700.0,2300.0,0.0,HIER_STAGE3,9,1.0,18.152,58.04131705626668,1.0,78.98209010987098,21.68,1.0
NSFNET,0-4_1-4_3-12,heavy,burst,480.0,580.0,1700.0,2300.0,0.0,PPO_CANDIDATE,9,0.9713530189510797,17.632,123.19999999999962,0.9732472324723247,168.0761940780934,21.1,0.9732472324723247
