{
  "ecmp_levels": {
    "light": {
      "pps": 400,
      "delivery": 1.0,
      "p95": 33.600000000000136,
      "goodput": 14.4,
      "maxq": 3000.0
    },
    "medium": {
      "pps": 460,
      "delivery": 1.0,
      "p95": 368.3095652170861,
      "goodput": 16.548,
      "maxq": 457500.0
    }
  },
  "agg": [
    {
      "pps": 340,
      "delivery": 1.0,
      "p95": 34.23529411764707,
      "goodput": 12.228,
      "maxq": 4500.0
    },
    {
      "pps": 380,
      "delivery": 1.0,
      "p95": 33.600000000000136,
      "goodput": 13.692,
      "maxq": 4500.0
    },
    {
      "pps": 400,
      "delivery": 1.0,
      "p95": 33.600000000000136,
      "goodput": 14.4,
      "maxq": 3000.0
    },
    {
      "pps": 420,
      "delivery": 1.0,
      "p95": 58.39809523805897,
      "goodput": 15.132,
      "maxq": 39000.0
    },
    {
      "pps": 440,
      "delivery": 1.0,
      "p95": 211.53090909063772,
      "goodput": 15.827999999999998,
      "maxq": 249000.0
    },
    {
      "pps": 460,
      "delivery": 1.0,
      "p95": 368.3095652170861,
      "goodput": 16.548,
      "maxq": 457500.0
    },
    {
      "pps": 480,
      "delivery": 0.9779939772990502,
      "p95": 450.39999999982564,
      "goodput": 16.888,
      "maxq": 525000.0
    },
    {
      "pps": 490,
      "delivery": 0.9625850340136054,
      "p95": 450.7412244896353,
      "goodput": 16.98,
      "maxq": 525000.0
    },
    {
      "pps": 500,
      "delivery": 0.948,
      "p95": 450.7999999999545,
      "goodput": 17.064,
      "maxq": 525000.0
    },
    {
      "pps": 510,
      "delivery": 0.9337257466753869,
      "p95": 450.8933333331141,
      "goodput": 17.132,
      "maxq": 525000.0
    },
    {
      "pps": 540,
      "delivery": 0.894238683127572,
      "p95": 450.411111110974,
      "goodput": 17.384,
      "maxq": 525000.0
    },
    {
      "pps": 560,
      "delivery": 0.8704365079365081,
      "p95": 450.88571428575233,
      "goodput": 17.548,
      "maxq": 525000.0
    },
    {
      "pps": 620,
      "delivery": 0.8079885366290526,
      "p95": 451.0322580644745,
      "goodput": 18.044,
      "maxq": 525000.0
    }
  ],
  "recommended_burst_k": [
    1.25,
    1.5,
    1.75
  ]
}