{
  "clusters": {
    "0-4": {
      "0": {
        "paths": [
          [
            0,
            3,
            4
          ]
        ],
        "mask": {
          "0": [
            3
          ],
          "3": [
            4
          ]
        },
        "summary": {
          "avg_hops": 2.0,
          "center_hop": 2.0,
          "center_stretch": 1.0,
          "center_overlap": 1.0
        }
      },
      "1": {
        "paths": [
          [
            0,
            2,
            5,
            4
          ]
        ],
        "mask": {
          "0": [
            2
          ],
          "2": [
            5
          ],
          "5": [
            4
          ]
        },
        "summary": {
          "avg_hops": 3.0,
          "center_hop": 3.0,
          "center_stretch": 1.5,
          "center_overlap": 0.0
        }
      },
      "2": {
        "paths": [
          [
            0,
            1,
            2,
            5,
            4
          ],
          [
            0,
            1,
            7,
            6,
            4
          ]
        ],
        "mask": {
          "0": [
            1
          ],
          "1": [
            2,
            7
          ],
          "2": [
            5
          ],
          "5": [
            4
          ],
          "7": [
            6
          ],
          "6": [
            4
          ]
        },
        "summary": {
          "avg_hops": 4.0,
          "center_hop": 4.0,
          "center_stretch": 2.0,
          "center_overlap": 0.0
        }
      },
      "3": {
        "paths": [
          [
            0,
            2,
            1,
            7,
            6,
            4
          ]
        ],
        "mask": {
          "0": [
            2
          ],
          "2": [
            1
          ],
          "1": [
            7
          ],
          "7": [
            6
          ],
          "6": [
            4
          ]
        },
        "summary": {
          "avg_hops": 5.0,
          "center_hop": 5.0,
          "center_stretch": 2.5,
          "center_overlap": 0.0
        }
      },
      "4": {
        "paths": [
          [
            0,
            3,
            8,
            9,
            12,
            5,
            4
          ],
          [
            0,
            1,
            7,
            10,
            13,
            5,
            4
          ],
          [
            0,
            3,
            8,
            11,
            12,
            5,
            4
          ]
        ],
        "mask": {
          "0": [
            1,
            3
          ],
          "3": [
            8
          ],
          "8": [
            9,
            11
          ],
          "9": [
            12
          ],
          "12": [
            5
          ],
          "5": [
            4
          ],
          "1": [
            7
          ],
          "7": [
            10
          ],
          "10": [
            13
          ],
          "13": [
            5
          ],
          "11": [
            12
          ]
        },
        "summary": {
          "avg_hops": 6.0,
          "center_hop": 6.0,
          "center_stretch": 3.0,
          "center_overlap": 0.3333333333333333
        }
      },
      "5": {
        "paths": [
          [
            0,
            2,
            5,
            12,
            9,
            8,
            3,
            4
          ],
          [
            0,
            2,
            1,
            7,
            10,
            13,
            5,
            4
          ],
          [
            0,
            3,
            8,
            9,
            10,
            13,
            5,
            4
          ],
          [
            0,
            3,
            8,
            9,
            12,
            13,
            5,
            4
          ],
          [
            0,
            1,
            7,
            10,
            9,
            8,
            3,
            4
          ],
          [
            0,
            1,
            7,
            10,
            13,
            12,
            5,
            4
          ],
          [
            0,
            3,
            8,
            11,
            10,
            13,
            5,
            4
          ],
          [
            0,
            3,
            8,
            11,
            12,
            13,
            5,
            4
          ],
          [
            0,
            2,
            5,
            13,
            10,
            7,
            6,
            4
          ],
          [
            0,
            2,
            5,
            12,
            11,
            8,
            3,
            4
          ],
          [
            0,
            3,
            8,
            9,
            10,
            7,
            6,
            4
          ],
          [
            0,
            1,
            7,
            10,
            11,
            8,
            3,
            4
          ]
        ],
        "mask": {
          "0": [
            1,
            2,
            3
          ],
          "2": [
            1,
            5
          ],
          "5": [
            4,
            12,
            13
          ],
          "12": [
            5,
            9,
            11,
            13
          ],
          "9": [
            8,
            10,
            12
          ],
          "8": [
            3,
            9,
            11
          ],
          "3": [
            4,
            8
          ],
          "1": [
            7
          ],
          "7": [
            6,
            10
          ],
          "10": [
            7,
            9,
            11,
            13
          ],
          "13": [
            5,
            10,
            12
          ],
          "11": [
            8,
            10,
            12
          ],
          "6": [
            4
          ]
        },
        "summary": {
          "avg_hops": 7.0,
          "center_hop": 7.0,
          "center_stretch": 3.5,
          "center_overlap": 0.375
        }
      }
    },
    "1-4": {
      "0": {
        "paths": [
          [
            1,
            0,
            3,
            4
          ],
          [
            1,
            2,
            5,
            4
          ],
          [
            1,
            7,
            6,
            4
          ]
        ],
        "mask": {
          "1": [
            0,
            2,
            7
          ],
          "0": [
            3
          ],
          "3": [
            4
          ],
          "2": [
            5
          ],
          "5": [
            4
          ],
          "7": [
            6
          ],
          "6": [
            4
          ]
        },
        "summary": {
          "avg_hops": 3.0,
          "center_hop": 3.0,
          "center_stretch": 1.0,
          "center_overlap": 0.3333333333333333
        }
      },
      "1": {
        "paths": [
          [
            1,
            0,
            2,
            5,
            4
          ],
          [
            1,
            2,
            0,
            3,
            4
          ]
        ],
        "mask": {
          "1": [
            0,
            2
          ],
          "0": [
            2,
            3
          ],
          "2": [
            0,
            5
          ],
          "5": [
            4
          ],
          "3": [
            4
          ]
        },
        "summary": {
          "avg_hops": 4.0,
          "center_hop": 4.0,
          "center_stretch": 1.3333333333333333,
          "center_overlap": 0.5
        }
      },
      "2": {
        "paths": [
          [
            1,
            7,
            10,
            13,
            5,
            4
          ]
        ],
        "mask": {
          "1": [
            7
          ],
          "7": [
            10
          ],
          "10": [
            13
          ],
          "13": [
            5
          ],
          "5": [
            4
          ]
        },
        "summary": {
          "avg_hops": 5.0,
          "center_hop": 5.0,
          "center_stretch": 1.6666666666666667,
          "center_overlap": 0.0
        }
      },
      "3": {
        "paths": [
          [
            1,
            7,
            10,
            9,
            8,
            3,
            4
          ],
          [
            1,
            7,
            10,
            13,
            12,
            5,
            4
          ],
          [
            1,
            7,
            10,
            11,
            8,
            3,
            4
          ],
          [
            1,
            7,
            10,
            9,
            12,
            5,
            4
          ],
          [
            1,
            7,
            10,
            11,
            12,
            5,
            4
          ]
        ],
        "mask": {
          "1": [
            7
          ],
          "7": [
            10
          ],
          "10": [
            9,
            11,
            13
          ],
          "9": [
            8,
            12
          ],
          "8": [
            3
          ],
          "3": [
            4
          ],
          "13": [
            12
          ],
          "12": [
            5
          ],
          "5": [
            4
          ],
          "11": [
            8,
            12
          ]
        },
        "summary": {
          "avg_hops": 6.0,
          "center_hop": 6.0,
          "center_stretch": 2.0,
          "center_overlap": 0.1333333333333333
        }
      },
      "4": {
        "paths": [
          [
            1,
            0,
            3,
            8,
            9,
            12,
            5,
            4
          ],
          [
            1,
            2,
            5,
            12,
            9,
            8,
            3,
            4
          ],
          [
            1,
            7,
            10,
            9,
            12,
            13,
            5,
            4
          ],
          [
            1,
            7,
            10,
            11,
            12,
            13,
            5,
            4
          ],
          [
            1,
            0,
            3,
            8,
            11,
            12,
            5,
            4
          ],
          [
            1,
            2,
            5,
            13,
            10,
            7,
            6,
            4
          ],
          [
            1,
            2,
            5,
            12,
            11,
            8,
            3,
            4
          ]
        ],
        "mask": {
          "1": [
            0,
            2,
            7
          ],
          "0": [
            3
          ],
          "3": [
            4,
            8
          ],
          "8": [
            3,
            9,
            11
          ],
          "9": [
            8,
            12
          ],
          "12": [
            5,
            9,
            11,
            13
          ],
          "5": [
            4,
            12,
            13
          ],
          "2": [
            5
          ],
          "7": [
            6,
            10
          ],
          "10": [
            7,
            9,
            11
          ],
          "13": [
            5,
            10
          ],
          "11": [
            8,
            12
          ],
          "6": [
            4
          ]
        },
        "summary": {
          "avg_hops": 7.0,
          "center_hop": 7.0,
          "center_stretch": 2.3333333333333335,
          "center_overlap": 0.2857142857142857
        }
      },
      "5": {
        "paths": [
          [
            1,
            0,
            2,
            5,
            12,
            9,
            8,
            3,
            4
          ],
          [
            1,
            2,
            0,
            3,
            8,
            9,
            12,
            5,
            4
          ]
        ],
        "mask": {
          "1": [
            0,
            2
          ],
          "0": [
            2,
            3
          ],
          "2": [
            0,
            5
          ],
          "5": [
            4,
            12
          ],
          "12": [
            5,
            9
          ],
          "9": [
            8,
            12
          ],
          "8": [
            3,
            9
          ],
          "3": [
            4,
            8
          ]
        },
        "summary": {
          "avg_hops": 8.0,
          "center_hop": 8.0,
          "center_stretch": 2.6666666666666665,
          "center_overlap": 0.5
        }
      }
    },
    "3-12": {
      "0": {
        "paths": [
          [
            3,
            8,
            9,
            12
          ],
          [
            3,
            8,
            11,
            12
          ]
        ],
        "mask": {
          "3": [
            8
          ],
          "8": [
            9,
            11
          ],
          "9": [
            12
          ],
          "11": [
            12
          ]
        },
        "summary": {
          "avg_hops": 3.0,
          "center_hop": 3.0,
          "center_stretch": 1.0,
          "center_overlap": 0.0
        }
      },
      "1": {
        "paths": [
          [
            3,
            4,
            5,
            12
          ]
        ],
        "mask": {
          "3": [
            4
          ],
          "4": [
            5
          ],
          "5": [
            12
          ]
        },
        "summary": {
          "avg_hops": 3.0,
          "center_hop": 3.0,
          "center_stretch": 1.0,
          "center_overlap": 1.0
        }
      },
      "2": {
        "paths": [
          [
            3,
            4,
            5,
            13,
            12
          ],
          [
            3,
            0,
            2,
            5,
            12
          ]
        ],
        "mask": {
          "3": [
            0,
            4
          ],
          "4": [
            5
          ],
          "5": [
            12,
            13
          ],
          "13": [
            12
          ],
          "0": [
            2
          ],
          "2": [
            5
          ]
        },
        "summary": {
          "avg_hops": 4.0,
          "center_hop": 4.0,
          "center_stretch": 1.3333333333333333,
          "center_overlap": 0.5
        }
      },
      "3": {
        "paths": [
          [
            3,
            8,
            9,
            10,
            11,
            12
          ],
          [
            3,
            8,
            11,
            10,
            9,
            12
          ],
          [
            3,
            0,
            1,
            2,
            5,
            12
          ],
          [
            3,
            0,
            2,
            5,
            13,
            12
          ],
          [
            3,
            8,
            9,
            10,
            13,
            12
          ],
          [
            3,
            8,
            11,
            10,
            13,
            12
          ]
        ],
        "mask": {
          "3": [
            0,
            8
          ],
          "8": [
            9,
            11
          ],
          "9": [
            10,
            12
          ],
          "10": [
            9,
            11,
            13
          ],
          "11": [
            10,
            12
          ],
          "0": [
            1,
            2
          ],
          "1": [
            2
          ],
          "2": [
            5
          ],
          "5": [
            12,
            13
          ],
          "13": [
            12
          ]
        },
        "summary": {
          "avg_hops": 5.0,
          "center_hop": 5.0,
          "center_stretch": 1.6666666666666667,
          "center_overlap": 0.05555555555555555
        }
      },
      "4": {
        "paths": [
          [
            3,
            4,
            6,
            7,
            10,
            9,
            12
          ],
          [
            3,
            4,
            5,
            13,
            10,
            9,
            12
          ],
          [
            3,
            8,
            9,
            10,
            13,
            5,
            12
          ],
          [
            3,
            8,
            11,
            10,
            13,
            5,
            12
          ],
          [
            3,
            4,
            6,
            7,
            10,
            11,
            12
          ],
          [
            3,
            4,
            5,
            13,
            10,
            11,
            12
          ]
        ],
        "mask": {
          "3": [
            4,
            8
          ],
          "4": [
            5,
            6
          ],
          "6": [
            7
          ],
          "7": [
            10
          ],
          "10": [
            9,
            11,
            13
          ],
          "9": [
            10,
            12
          ],
          "5": [
            12,
            13
          ],
          "13": [
            5,
            10
          ],
          "8": [
            9,
            11
          ],
          "11": [
            10,
            12
          ]
        },
        "summary": {
          "avg_hops": 6.0,
          "center_hop": 6.0,
          "center_stretch": 2.0,
          "center_overlap": 0.4444444444444444
        }
      },
      "5": {
        "paths": [
          [
            3,
            0,
            1,
            7,
            10,
            9,
            12
          ],
          [
            3,
            0,
            1,
            2,
            5,
            13,
            12
          ],
          [
            3,
            0,
            1,
            7,
            10,
            11,
            12
          ]
        ],
        "mask": {
          "3": [
            0
          ],
          "0": [
            1
          ],
          "1": [
            2,
            7
          ],
          "7": [
            10
          ],
          "10": [
            9,
            11
          ],
          "9": [
            12
          ],
          "2": [
            5
          ],
          "5": [
            13
          ],
          "13": [
            12
          ],
          "11": [
            12
          ]
        },
        "summary": {
          "avg_hops": 6.0,
          "center_hop": 6.0,
          "center_stretch": 2.0,
          "center_overlap": 0.0
        }
      }
    }
  },
  "dist_matrix": {
    "0": {
      "0": 0,
      "1": 1,
      "2": 1,
      "3": 1,
      "7": 2,
      "5": 2,
      "4": 2,
      "8": 2,
      "6": 3,
      "10": 3,
      "12": 3,
      "13": 3,
      "9": 3,
      "11": 3
    },
    "1": {
      "1": 0,
      "0": 1,
      "2": 1,
      "7": 1,
      "3": 2,
      "5": 2,
      "6": 2,
      "10": 2,
      "4": 3,
      "8": 3,
      "12": 3,
      "13": 3,
      "9": 3,
      "11": 3
    },
    "2": {
      "2": 0,
      "0": 1,
      "1": 1,
      "5": 1,
      "3": 2,
      "7": 2,
      "4": 2,
      "12": 2,
      "13": 2,
      "8": 3,
      "6": 3,
      "10": 3,
      "9": 3,
      "11": 3
    },
    "3": {
      "3": 0,
      "0": 1,
      "4": 1,
      "8": 1,
      "1": 2,
      "2": 2,
      "5": 2,
      "6": 2,
      "9": 2,
      "11": 2,
      "7": 3,
      "12": 3,
      "13": 3,
      "10": 3
    },
    "7": {
      "7": 0,
      "1": 1,
      "6": 1,
      "10": 1,
      "0": 2,
      "2": 2,
      "4": 2,
      "9": 2,
      "11": 2,
      "13": 2,
      "3": 3,
      "5": 3,
      "8": 3,
      "12": 3
    },
    "5": {
      "5": 0,
      "2": 1,
      "4": 1,
      "12": 1,
      "13": 1,
      "0": 2,
      "1": 2,
      "3": 2,
      "6": 2,
      "9": 2,
      "11": 2,
      "10": 2,
      "7": 3,
      "8": 3
    },
    "4": {
      "4": 0,
      "3": 1,
      "5": 1,
      "6": 1,
      "0": 2,
      "8": 2,
      "2": 2,
      "12": 2,
      "13": 2,
      "7": 2,
      "1": 3,
      "9": 3,
      "11": 3,
      "10": 3
    },
    "8": {
      "8": 0,
      "3": 1,
      "9": 1,
      "11": 1,
      "0": 2,
      "4": 2,
      "10": 2,
      "12": 2,
      "1": 3,
      "2": 3,
      "5": 3,
      "6": 3,
      "7": 3,
      "13": 3
    },
    "6": {
      "6": 0,
      "4": 1,
      "7": 1,
      "3": 2,
      "5": 2,
      "1": 2,
      "10": 2,
      "0": 3,
      "8": 3,
      "2": 3,
      "12": 3,
      "13": 3,
      "9": 3,
      "11": 3
    },
    "12": {
      "12": 0,
      "5": 1,
      "9": 1,
      "11": 1,
      "13": 1,
      "2": 2,
      "4": 2,
      "8": 2,
      "10": 2,
      "0": 3,
      "1": 3,
      "3": 3,
      "6": 3,
      "7": 3
    },
    "13": {
      "13": 0,
      "5": 1,
      "10": 1,
      "12": 1,
      "2": 2,
      "4": 2,
      "7": 2,
      "9": 2,
      "11": 2,
      "0": 3,
      "1": 3,
      "3": 3,
      "6": 3,
      "8": 3
    },
    "10": {
      "10": 0,
      "7": 1,
      "9": 1,
      "11": 1,
      "13": 1,
      "1": 2,
      "6": 2,
      "8": 2,
      "12": 2,
      "5": 2,
      "0": 3,
      "2": 3,
      "4": 3,
      "3": 3
    },
    "9": {
      "9": 0,
      "8": 1,
      "10": 1,
      "12": 1,
      "3": 2,
      "11": 2,
      "7": 2,
      "13": 2,
      "5": 2,
      "0": 3,
      "4": 3,
      "1": 3,
      "6": 3,
      "2": 3
    },
    "11": {
      "11": 0,
      "8": 1,
      "10": 1,
      "12": 1,
      "3": 2,
      "9": 2,
      "7": 2,
      "13": 2,
      "5": 2,
      "0": 3,
      "4": 3,
      "1": 3,
      "6": 3,
      "2": 3
    }
  },
  "network_diameter": 3.0
}